{"cameraMode":{"drawMode":0,"name":"Shaded","section":"Shading Mode"},"sceneLighting":true,"audioPlay":false,"sceneViewState":{"showFog":false,"showMaterialUpdate":false,"showSkybox":false,"showFlares":false,"showImageEffects":false,"showParticleSystems":false},"in2DMode":false,"pivot":{"x":-7.342516899108887,"y":-16.11187744140625,"z":-9.814181327819825},"rotation":{"x":-0.02003561146557331,"y":-0.9052237868309021,"z":0.4223085343837738,"w":-0.04294683039188385},"size":27.11256217956543,"orthographic":false}