{"cameraMode":{"drawMode":0,"name":"Shaded","section":"Shading Mode"},"sceneLighting":true,"audioPlay":false,"sceneViewState":{"showFog":false,"showMaterialUpdate":false,"showSkybox":false,"showFlares":false,"showImageEffects":false,"showParticleSystems":false},"in2DMode":false,"pivot":{"x":-9.727645874023438,"y":-1.3562231063842774,"z":-0.43521738052368166},"rotation":{"x":0.0545693002641201,"y":-0.9454134106636047,"z":0.223866805434227,"w":0.23044833540916444},"size":9.990426063537598,"orthographic":false}