{"cameraMode":{"drawMode":0,"name":"Shaded","section":"Shading Mode"},"sceneLighting":true,"audioPlay":false,"sceneViewState":{"showFog":false,"showMaterialUpdate":false,"showSkybox":false,"showFlares":false,"showImageEffects":false,"showParticleSystems":false},"in2DMode":false,"pivot":{"x":0.39033550024032595,"y":1.5350487232208253,"z":-0.29698893427848818},"rotation":{"x":-0.01683252677321434,"y":0.9813206791877747,"z":-0.16249366104602815,"w":-0.1016339585185051},"size":2.865161895751953,"orthographic":false}