{"cameraMode":{"drawMode":0,"name":"Shaded","section":"Shading Mode"},"sceneLighting":true,"audioPlay":false,"sceneViewState":{"showFog":false,"showMaterialUpdate":false,"showSkybox":false,"showFlares":false,"showImageEffects":false,"showParticleSystems":false},"in2DMode":false,"pivot":{"x":-44.93271255493164,"y":-27.642850875854493,"z":-12.931302070617676},"rotation":{"x":-0.17812006175518037,"y":0.8171900510787964,"z":-0.3362061381340027,"w":-0.43294379115104678},"size":58.494598388671878,"orthographic":false}